"Name","Gross Export","Share","Code","Sector"
"Horses","3292104","0.0004051611280792817","0101","Agriculture"
"Sheep","12736","0.0000015674268271044083","0104","Agriculture"
"Other live animals","11536929","0.0014198564711839538","0106","Agriculture"
"Beef","136240000","0.016767134965821655","0201","Agriculture"
"Beef (frozen)","127593808","0.0157030431557482","0202","Agriculture"
"Pork","15257293","0.0018777238031715058","0203","Agriculture"
"Edible offal","1547803","0.00019048900324063165","0206","Agriculture"
"Poultry","18983808","0.0023363481422581096","0207","Agriculture"
"Pig and poultry fat","12274","0.000001510568222038278","0209","Agriculture"
"Preserved meat","970531","0.0001194438069987805","0210","Agriculture"
"Live Fish","101733160","0.012520358369197952","0301","Agriculture"
"Fish, excluding fillets","101535904","0.012496081960105042","0302","Agriculture"
"Frozen fish, excluding fillets","571458880","0.07032977222825368","0303","Agriculture"
"Fish fillets","172146608","0.021186181813302948","0304","Agriculture"
"Preserved fish","13439067","0.0016539536861694066","0305","Agriculture"
"Crustaceans","16226090","0.001996954205795428","0306","Agriculture"
"Molluscs","346714496","0.042670351945381914","0307","Agriculture"
"Milk","18508814","0.002277890358156851","0401","Agriculture"
"Milk, concentrated","19285700","0.002373502163904483","0402","Agriculture"
"Fermented milk products","1938927","0.00023862485832263418","0403","Agriculture"
"Whey","2726074","0.000335499491227373","0404","Agriculture"
"Butter","1625820","0.00020009060019180976","0405","Agriculture"
"Cheese","13704030","0.0016865628345982748","0406","Agriculture"
"Eggs, in shell","42560552","0.005237951553169927","0407","Agriculture"
"Egg yolks","1423783","0.00017522579068586652","0408","Agriculture"
"Honey","549578","0.00006763687977280044","0409","Agriculture"
"Edible animal products, n.e.c.","249970","0.000030763951316841156","0410","Agriculture"
"Human hair, unworked","431688","0.000053128089835038304","0501","Agriculture"
"Brushmaking hair","167301","0.000020589830056642167","0502","Agriculture"
"Animal guts, except fish","151136","0.000018600394232196284","0504","Agriculture"
"Feathers and down","9890389","0.0012172158487043297","0505","Agriculture"
"Bones, simply prepared","205729","0.00002531918606417736","0506","Agriculture"
"Whalebone & horns","47180","0.000005806469668874528","0507","Agriculture"
"Coral and shells","37935048","0.004668688122070779","0508","Agriculture"
"Animal products used in pharmaceuticals","1181703","0.00014543286619580407","0510","Agriculture"
"Animal products n.e.c.","14828551","0.0018249582792466946","0511","Agriculture"
"Flower bulbs","645143","0.00007939811915190164","0601","Agriculture"
"Other live plants","98158824","0.012080462786951952","0602","Agriculture"
"Cut flowers","7055928","0.0008683771072014098","0603","Agriculture"
"Other parts of plants","2285154","0.000281235213855602","0604","Agriculture"
"Potatoes","506148","0.00006229192475543673","0701","Agriculture"
"Tomatoes","947354","0.0001165914003112963","0702","Agriculture"
"Onions, shallots, garlic","15297617","0.001882686500986845","0703","Agriculture"
"Cabbages, cauliflowers, broccoli","3731664","0.00045925802947077146","0704","Agriculture"
"Lettuce","108116","0.000013305898150064403","0705","Agriculture"
"Carrots & turnips","2222594","0.00027353591876266457","0706","Agriculture"
"Cucumbers","180997","0.000022275404634533338","0707","Agriculture"
"Legumes","211430","0.000026020811405047506","0708","Agriculture"
"Other vegetables","10996918","0.0013533970075900877","0709","Agriculture"
"Frozen vegetables","1499222","0.00018451011169795268","0710","Agriculture"
"Vegetables, provisionally preserved","1148369","0.00014133043169088115","0711","Agriculture"
"Vegetables, dried","4122442","0.0005073513021342613","0712","Agriculture"
"Legumes, dried","1023833","0.00012600371472006814","0713","Agriculture"
"Tubers","21854236","0.0026896133630866003","0714","Agriculture"
"Cashew nuts & coconuts","167807","0.00002065210376695269","0801","Agriculture"
"Other nuts","1997687","0.0002458564852353741","0802","Agriculture"
"Bananas and plantains","25102","0.000003089317541926418","0803","Agriculture"
"Avocados, pineapples, mangos, etc.","596130","0.00007336606112136864","0804","Agriculture"
"Citrus fruit","7141014","0.0008788486900383291","0805","Agriculture"
"Grapes","37740884","0.004644792247191861","0806","Agriculture"
"Melons and papayas","8188658","0.0010077828381896302","0807","Agriculture"
"Apples & pears","106182112","0.013067893444362825","0808","Agriculture"
"Peaches & cherries","18270946","0.0022486158069233656","0809","Agriculture"
"Other fresh fruit","30250356","0.0037229286686446925","0810","Agriculture"
"Fruits and nuts, frozen","474104","0.00005834825129063352","0811","Agriculture"
"Fruits and nuts, provisionally preserved","57252","0.000007046036487545665","0812","Agriculture"
"Fruits, dried","1800122","0.00022154204733517915","0813","Agriculture"
"Peel of citrus fruit or melons","552822","0.00006803612071400074","0814","Agriculture"
"Coffee","34023000","0.004187230130227175","0901","Agriculture"
"Tea","156674624","0.019282035865585443","0902","Agriculture"
"Mate","21013","0.0000025860819659190433","0903","Agriculture"
"Pepper","2387698","0.00029385536276880825","0904","Agriculture"
"Vanilla","204015","0.000025108243100793487","0905","Agriculture"
"Cinnamon","27263","0.000003355273051770374","0906","Agriculture"
"Cloves","10688","0.0000013153782920926442","0907","Agriculture"
"Nutmeg","186483","0.000022950569802050204","0908","Agriculture"
"Anise, fennel, etc.","41243","0.000005075799672602632","0909","Agriculture"
"Spices","11740350","0.001444891610363948","0910","Agriculture"
"Wheat and meslin","915690","0.00011269449366451286","1001","Agriculture"
"Rye","9862","0.0000012137219981865322","1002","Agriculture"
"Barley","129027","0.00001587942691746235","1003","Agriculture"
"Oats","102847","0.000012657439297048293","1004","Agriculture"
"Corn","39019","0.000004802090716613293","1005","Agriculture"
"Rice","56848464","0.006996373080502448","1006","Agriculture"
"Other cereals","500503","0.00006159719136669579","1008","Agriculture"
"Wheat or meslin flour","76815768","0.009453760639747828","1101","Agriculture"
"Cereal flours","1378811","0.00016969106084380154","1102","Agriculture"
"Cereal meals","214972","0.000026456727377221177","1103","Agriculture"
"Worked cereal grains","2075310","0.00025540959238050013","1104","Agriculture"
"Potato flour","395957","0.00004873065516486968","1105","Agriculture"
"Flour of dried legumes","1206836","0.00014852599892551633","1106","Agriculture"
"Malt","10714","0.0000013185781270097857","1107","Agriculture"
"Starches","9712629","0.0011953388235169805","1108","Agriculture"
"Wheat gluten","673418","0.00008287793962429307","1109","Agriculture"
"Soya beans","623706","0.00007675985526271845","1201","Agriculture"
"Peanuts","180234","0.000022181501786772608","1202","Agriculture"
"Copra","4326","5.324033019828573e-7","1203","Agriculture"
"Rape or colza seeds","11294613","0.0013900345020384896","1205","Agriculture"
"Sunflower seeds","4669191","0.000574640015253962","1206","Agriculture"
"Other oil seeds","4580971","0.0005637827292389533","1207","Agriculture"
"Flours of oil seeds","1435293","0.00017664233298957032","1208","Agriculture"
"Seeds used for sowing","138521424","0.01704791112643722","1209","Agriculture"
"Hop cones","4487","5.522176643543876e-7","1210","Agriculture"
"Plants used in perfumery, pharmacy or insecticide","4015366","0.0004941733973808825","1211","Agriculture"
"Seaweeds & edible vegetable products","6658399","0.0008194529850946267","1212","Agriculture"
"Cereal straw and husks","211626","0.000026044933237499804","1213","Agriculture"
"Forage products","302857","0.00003727278475002826","1214","Agriculture"
"Lac","1472510","0.00018122265053231097","1301","Agriculture"
"Vegetable saps and extracts","50480808","0.00621270200322761","1302","Agriculture"
"Vegetable materials used for plaiting","307697","0.00003786844632691152","1401","Agriculture"
"Vegetable products n.e.c.","1948021","0.00023974406212019133","1404","Agriculture"
"Pig and poultry fat, rendered","1160209","0.0001427875872839179","1501","Agriculture"
"Bovine, sheep and goat fats","95039","0.000011696504257315944","1502","Agriculture"
"Lard oil, tallow oil etc.","56272","0.000006925427325284176","1503","Agriculture"
"Fish oils","47281812","0.0058189997301277595","1504","Agriculture"
"Wool grease","18195074","0.0022392781963528514","1505","Agriculture"
"Other animal fats and oils","1946812","0.00023959526979654426","1506","Agriculture"
"Soybean oil","722439","0.00008891098221941596","1507","Agriculture"
"Peanut oil","41107","0.000005059062074574507","1508","Agriculture"
"Olive oil","1120594","0.00013791214650535783","1509","Agriculture"
"Olive oil, blended","236894","0.000029154680494666434","1510","Agriculture"
"Palm oil","262486","0.0000323043026177236","1511","Agriculture"
"Sunflower seed oil","436081","0.00005366873886546149","1512","Agriculture"
"Coconut & palm kernel oil","684395","0.00008422888531219547","1513","Agriculture"
"Rapeseed, colza or mustard oil,","5029488","0.0006189819737593983","1514","Agriculture"
"Other vegetable fats and oils","72810336","0.008960809825446442","1515","Agriculture"
"Vegetable fats, hydrogenated","6418364","0.0007899117399278548","1516","Agriculture"
"Margarine","13193856","0.001623775427712976","1517","Agriculture"
"Animal or vegetable fats and oils, processed","88194304","0.010854123593545982","1518","Agriculture"
"Stearic acid","29398160","0.0036180484179889867","1519","Agriculture"
"Glycerol","3018618","0.0003715030491504597","1520","Agriculture"
"Vegetable waxes and beeswax","7065167","0.0008695141562321586","1521","Agriculture"
"Sausages","1145181","0.00014093808270181012","1601","Agriculture"
"Other prepared or preserved meat","12724611","0.0015660251763401267","1602","Agriculture"
"Extracts and juices of meat or fish","3189402","0.0003925215340154251","1603","Agriculture"
"Prepared or preserved fish","187985248","0.023135452325304284","1604","Agriculture"
"Prepared aquatic invertibrates","476418464","0.05863309370300533","1605","Agriculture"
"Sugarcane & sucrose","4418614","0.000543801360098863","1701","Agriculture"
"Other sugars","17717654","0.0021805218430397087","1702","Agriculture"
"Molasses","203923","0.000025096920608009755","1703","Agriculture"
"Confectionery sugar","116915560","0.014388865047890631","1704","Agriculture"
"Cocoa beans","231276","0.00002846327001141639","1801","Agriculture"
"Cocoa paste","2077772","0.0002557125921330387","1803","Agriculture"
"Cocoa butter","194658","0.000023956671742343745","1804","Agriculture"
"Cocoa powder","1065402","0.00013111963539970878","1805","Agriculture"
"Chocolates","74335656","0.009148531832977763","1806","Agriculture"
"Malt extract","172404448","0.021217914330035094","1901","Agriculture"
"Pasta","179710464","0.022117069910881047","1902","Agriculture"
"Tapioca","70308","0.000008652845898245661","1903","Agriculture"
"Cereal foods","99833344","0.012286546924084716","1904","Agriculture"
"Bakery products","343679424","0.042296823893011204","1905","Agriculture"
"Pickled fruits and vegetables","3649918","0.000449197502350131","2001","Agriculture"
"Tomatoes, prepared or preserved","134866","0.000016598035997508098","2002","Agriculture"
"Mushrooms, prepared or preserved","769045","0.0000946468093789659","2003","Agriculture"
"Other vegetables, frozen","6096200","0.0007502628316107014","2004","Agriculture"
"Other vegetables, prepared or preserved","39097896","0.004811800492598786","2005","Agriculture"
"Vegetables, fruits and nuts, preserved by sugar","531070","0.00006535908959409062","2006","Agriculture"
"Jams, jellies and marmalades","3788941","0.0004663071427226605","2007","Agriculture"
"Fruits and nuts, otherwise prepared","114007640","0.014030985665111623","2008","Agriculture"
"Fruit juices","34790976","0.004281745377162816","2009","Agriculture"
"Coffee extracts","121802912","0.01499035426258146","2101","Agriculture"
"Yeasts","14235703","0.0017519961357483282","2102","Agriculture"
"Sauces and seasonings","435469312","0.05359345807235393","2103","Agriculture"
"Soups and broths","100388848","0.012354913120077474","2104","Agriculture"
"Ice cream","41755388","0.005138859557738182","2105","Agriculture"
"Food preparations n.e.c.","1143198208","0.14069405935277052","2106","Agriculture"
"Waters","9679411","0.0011912506651986109","2201","Agriculture"
"Waters, flavored or sweetened","296069120","0.03643739646397569","2202","Agriculture"
"Beer","58883368","0.007246809883280564","2203","Agriculture"
"Wine","3968328","0.0004883844037334785","2204","Agriculture"
"Wine, flavored","1091636","0.00013434826883110458","2205","Agriculture"
"Other fermented beverages","237916448","0.02928051375664188","2206","Agriculture"
"Ethyl alcohol > 80%","1491337","0.00018353970022404265","2207","Agriculture"
"Spirits < 80% alcohol","375788288","0.046248480207509234","2208","Agriculture"
"Vinegars","20916222","0.002574171441934","2209","Agriculture"
"Flours of fish, for animal feed","13371601","0.001645650606841719","2301","Agriculture"
"Cereal residues","30905360","0.0038035403867242067","2302","Agriculture"
"Starch residues","464428","0.000057157420419161915","2303","Agriculture"
"Solid soybean residues","1145336","0.00014095715864073923","2304","Agriculture"
"Solid peanut residues","38574","0.00000474732431130068","2305","Agriculture"
"Solid vegetable oil and fat residues","2226016","0.00027395706626598984","2306","Agriculture"
"Wine lees","38274","0.000004710403139179815","2307","Agriculture"
"Vegetable materials for animal feeding","994951","0.00012244919040941884","2308","Agriculture"
"Animal feed","115354672","0.01419676566619266","2309","Agriculture"
"Unmanufactured tobacco","13971001","0.0017194191087392052","2401","Agriculture"
"Cigars and cigarettes","113870488","0.014014106289782556","2402","Agriculture"
"Other manufactured tobacco","14077134","0.0017324809579415505","2403","Agriculture"
"Salt","3516688","0.00043280080981125533","2501","Minerals"
"Unroasted iron pyrites","50426","0.000006205956751222276","2502","Minerals"
"Sulphur, crude","36743192","0.00452200572033983","2503","Minerals"
"Natural graphite","27693354","0.0034082369654600485","2504","Minerals"
"Natural sands","8188644","0.001007781115201598","2505","Minerals"
"Quartz","4682792","0.0005763138981273482","2506","Minerals"
"Kaolin","8955852","0.0011022018439366104","2507","Minerals"
"Clays","39583744","0.004871594084707377","2508","Minerals"
"Chalk","899700","0.00011072659519047081","2509","Minerals"
"Natural calcium phosphates","186847","0.000022995367490890186","2510","Minerals"
"Natural barium sulfate","797040","0.00009809217009071119","2511","Minerals"
"Siliceous fossil meals and earths","4215510","0.0005188052342907431","2512","Minerals"
"Natural abrasives","18165544","0.002235643922310421","2513","Minerals"
"Slate","268736","0.00003307349370357493","2514","Minerals"
"Marble","36237","0.00000445970838047915","2515","Minerals"
"Granite","7250068","0.0008922700283865581","2516","Minerals"
"Gravel","2362340","0.00029073453916000534","2517","Minerals"
"Dolomite","621583","0.00007649857643467647","2518","Minerals"
"Natural magnesia","73149224","0.00900251696603876","2519","Minerals"
"Gypsum","2712662","0.00033384886869242293","2520","Minerals"
"Limstone","68014856","0.008370627350505908","2521","Minerals"
"Quicklime","5641476","0.0006942996880390758","2522","Minerals"
"Cements","382005344","0.0470136168563794","2523","Minerals"
"Asbestos","8520","0.0000010485612882325344","2524","Minerals"
"Mica","8039745","0.0009894560298428494","2525","Minerals"
"Natural steatite","9525720","0.0011723358256505187","2526","Minerals"
"Natural borates","30527","0.0000037569754044453732","2528","Minerals"
"Feldspar","7849260","0.0009660129316047069","2529","Minerals"
"Mineral substances n.e.c.","32609924","0.004013322056174301","2530","Minerals"
"Iron ores and concentrates","523463","0.00006442289173967925","2601","Minerals"
"Manganese > 47% by weight","1044643","0.00012856481335951872","2602","Minerals"
"Copper ore","831215","0.00010229810694814626","2603","Minerals"
"Nickel ore","1580391","0.00019449962709754733","2604","Minerals"
"Cobalt ore","5880","7.236549735689323e-7","2605","Minerals"
"Aluminum ore","687271","0.00008458283628226082","2606","Minerals"
"Zinc ore","483192","0.00005946671666474821","2608","Minerals"
"Tin ore","2327156","0.0002864044240936704","2609","Minerals"
"Chromium ore","93328","0.000011485930505653284","2610","Minerals"
"Tungsten ore","1331144","0.00016382465580551747","2611","Minerals"
"Uranium ore","6310952","0.0007766924834617007","2612","Minerals"
"Molybdenum ore","1418569","0.0001745841007144059","2613","Minerals"
"Titanium ore","25663","0.0000031583601337924334","2614","Minerals"
"Zirconium ore","577126","0.00007102722793808564","2615","Minerals"
"Precious metal ores","722287","0.00008889227549220807","2616","Minerals"
"Other ores","333129","0.000040998377158170895","2617","Minerals"
"Granulated iron or steel slag","112602736","0.013858083323787322","2618","Minerals"
"Iron or steel slag","6976548","0.0008586077650582291","2619","Minerals"
"Slag, ash and residues containing metals","396084512","0.04874634813986793","2620","Minerals"
"Other slag and ash","23615058","0.002906318736873946","2621","Minerals"
"Coal","1884303","0.00023190225130286733","2701","Minerals"
"Lignite","5132","6.31598184414245e-7","2702","Minerals"
"Peat","124782","0.000015356992331952128","2703","Minerals"
"Coke","626002240","0.07704245483695449","2704","Minerals"
"Tar distilled from coal, lignite etc.","12924142","0.001590581570988287","2706","Minerals"
"Oils etc. from high temperature coal tar","1129512192","0.13900971351148755","2707","Minerals"
"Pitch and pitch coke","59315600","0.0073000049235077144","2708","Minerals"
"Petroleum oils, crude","70918","0.00000872791894822475","2709","Minerals"
"Petroleum oils, refined","5152524800","0.634124183326066","2710","Minerals"
"Petroleum gases","115885232","0.014262061989794147","2711","Minerals"
"Petroleum jelly","69334040","0.00853298008224954","2712","Minerals"
"Petroleum coke","114304544","0.0140675258107362","2713","Minerals"
"Bitumen and asphalt, natural","1857622","0.0002286186053250114","2714","Minerals"
"Bituminous mixtures","41996540","0.005168538272735817","2715","Minerals"
"Iodine","167320688","0.020592253070097887","2801","Chemicals"
"Sulfur, sublimed or precipitated","5210397","0.0006412465481834429","2802","Chemicals"
"Carbon","168250240","0.020706653568055528","2803","Chemicals"
"Silicon & rare gases","390478752","0.04805644404044042","2804","Chemicals"
"Rare-earth metals","12933639","0.0015917503722270598","2805","Chemicals"
"Hydrochloric acid","44593144","0.005488103816781564","2806","Chemicals"
"Sulfiric acid, oleum","44324464","0.005455037215030117","2807","Chemicals"
"Sulfonitric acids","4102656","0.0005049162277623166","2808","Chemicals"
"Phosphoric acid etc.","34249600","0.0042151179222358","2809","Chemicals"
"Oxides of boron; boric acids","2163380","0.00026624841780944846","2810","Chemicals"
"Other inorganic acids","357294496","0.04397243861551105","2811","Chemicals"
"Halides of nonmetals","136737376","0.01682834731550428","2812","Chemicals"
"Sulfides of nonmetals","20771448","0.0025563540226919133","2813","Chemicals"
"Ammonia","7911332","0.0009736521682576613","2814","Chemicals"
"Sodium hydroxide","250946656","0.03088414893110407","2815","Chemicals"
"Hydroxides or peroxides of magnesium","18549888","0.002282945358902492","2816","Chemicals"
"Zinc oxide or peroxide","20274156","0.0024951520109374845","2817","Chemicals"
"Aluminum oxide","221214496","0.02722499494148719","2818","Chemicals"
"Chromium oxides and hydroxides","7656258","0.0009422600647324705","2819","Chemicals"
"Manganese oxides","36303900","0.004467941801862102","2820","Chemicals"
"Iron oxides and hydroxides","27913268","0.0034353019076126742","2821","Chemicals"
"Cobalt oxides and hydroxides","646989","0.0000796253074310187","2822","Chemicals"
"Titanium oxides","60917712","0.0074971777665373855","2823","Chemicals"
"Lead oxides","1815065","0.00022338109091851938","2824","Chemicals"
"Metal base oxides, n.e.c.","177473056","0.021841710824639055","2825","Chemicals"
"Flourides","102908992","0.01266506868805535","2826","Chemicals"
"Chlorides, bromides, iodides etc.","104575152","0.01287012395519168","2827","Chemicals"
"Hyopchlorites","55364108","0.006813692535953658","2828","Chemicals"
"Sodium chlorate","2359140","0.00029034071332404945","2829","Chemicals"
"Sulfides; polysulfides","3720787","0.00045791939084024265","2830","Chemicals"
"Dithionites and sulfoxylates","495042","0.00006092510296352234","2831","Chemicals"
"Sulfites","12350917","0.0015200344413583463","2832","Chemicals"
"Sulfates","92967256","0.011441533534601388","2833","Chemicals"
"Nitrites, nitrates","7903025","0.0009726298210016345","2834","Chemicals"
"Phosphates","73577896","0.009055273875023409","2835","Chemicals"
"Carbonates","58603224","0.007212332400471806","2836","Chemicals"
"Cyanides","27173918","0.0033443096789208047","2837","Chemicals"
"Silicates","21242840","0.0026143685065865745","2839","Chemicals"
"Borates","1132829","0.0001394179149750204","2840","Chemicals"
"Salts of oxometallic acids","901733504","0.11097685969444569","2841","Chemicals"
"Other salts of acids","164705184","0.020270361492208525","2842","Chemicals"
"Compounds of precious metals","1558994688","0.19186637070386833","2843","Chemicals"
"Uranium","118420536","0.014574083307669863","2844","Chemicals"
"Non-radioactive isotopes","7250736","0.0008923522395298139","2845","Chemicals"
"Compounds of rare-earth metals","202632944","0.024938152675937915","2846","Chemicals"
"Hydrogen peroxide","36404792","0.004480358638187496","2847","Chemicals"
"Carbides","33857680","0.0041668841029771034","2849","Chemicals"
"Hydrides, nitrides, azides, silicides and borides","54143572","0.006663480470167956","2850","Chemicals"
"Inorganic compounds, liquid or compressed air","829984256","0.10214663857794387","2851","Chemicals"
"Acyclic hydrocarbons","1193386112","0.1468707134926685","2901","Chemicals"
"Cyclic hydrocarbons","2467760384","0.30370868630237724","2902","Chemicals"
"Halogenated derivatives of hydrocarbons","983116544","0.12099271711964288","2903","Chemicals"
"Sulfonated, nitrated derivatives of hydrocarbons","28690590","0.0035309673721304544","2904","Chemicals"
"Acyclic alcohols","552048256","0.06794089559599577","2905","Chemicals"
"Cyclic alcohols","145663136","0.017926845719736018","2906","Chemicals"
"Phenols, phenol-alcohols","685823104","0.08440464289083045","2907","Chemicals"
"Derivatives of phenols","47250180","0.005815106761739335","2908","Chemicals"
"Ethers","324775840","0.03997034896446051","2909","Chemicals"
"Epoxides","182404336","0.022448606283492968","2910","Chemicals"
"Acetals and hemiacetals","764555","0.00009409422250289031","2911","Chemicals"
"Aldehydes","116145928","0.014294145996084884","2912","Chemicals"
"Derivatives of aldehydes","6703848","0.0008250464196003639","2913","Chemicals"
"Ketones and quinones","289999072","0.035690352174009336","2914","Chemicals"
"Saturated acyclic monocarboxylic acids","288174208","0.03546576511453878","2915","Chemicals"
"Unsaturated acyclic monocarboxylic acids","583428032","0.07180282263202961","2916","Chemicals"
"Polycarboxylic acids","238311520","0.02932913549434899","2917","Chemicals"
"Carboxylic acids with additional oxygen function","273700992","0.033684538117610636","2918","Chemicals"
"Phosporic esters","80025376","0.009848768937776168","2919","Chemicals"
"Esters of other inorganic acids of nonmetals","116442840","0.01433068712627405","2920","Chemicals"
"Amine-function compounds","356734080","0.043903467896860095","2921","Chemicals"
"Oxygen-function amino-compounds","255835792","0.031485857703698446","2922","Chemicals"
"Quaternary ammonium salts and hydroxides","67911560","0.008357914652521252","2923","Chemicals"
"Carboxyamide-function compounds","307737504","0.03787343117743013","2924","Chemicals"
"Carboxyimide-function compounds","96763000","0.011908677926437176","2925","Chemicals"
"Nitrile-function compounds","178606992","0.0219812649787392","2926","Chemicals"
"Diazo-, azo-, or azoxy-compounds","63387404","0.007801124177929121","2927","Chemicals"
"Organix derivatives of hydrazine","47530928","0.00584965857917463","2928","Chemicals"
"Isocyanates","439635456","0.05410618780470162","2929","Chemicals"
"Organo-sulfur compounds","925402688","0.11388983974919369","2930","Chemicals"
"Other organo-inorganic compounds","301378336","0.03709080472318516","2931","Chemicals"
"Heterocyclic compounds with oxygen hetero-atom(s) only","569553088","0.0700952253133918","2932","Chemicals"
"Heterocyclic compounds with nitrogen hetero-atom(s) only","1233522816","0.15181036068182907","2933","Chemicals"
"Nucleic acids and their salts","1431951872","0.17623113844968422","2934","Chemicals"
"Sulfonamides","69143816","0.008509569105431143","2935","Chemicals"
"Vitamins","115265848","0.014185834045551116","2936","Chemicals"
"Hormones","42819920","0.00526987212173874","2937","Chemicals"
"Glycosides","23824084","0.0029320436866197316","2938","Chemicals"
"Vegetable alkaloids","3721162","0.00045796554230539374","2939","Chemicals"
"Other sugars, chemically pure","72184744","0.008883817859081657","2940","Chemicals"
"Antibiotics","139411680","0.017157475443129327","2941","Chemicals"
"Other organic compounds","36302308","0.004467745873508714","2942","Chemicals"
"Heparin for therapeutic use","16444572","0.0020238429108864636","3001","Chemicals"
"Serums and vaccines","4103139328","0.5049757112165794","3002","Chemicals"
"Medicaments, not packaged","143997824","0.017721894816446218","3003","Chemicals"
"Medicaments, packaged","5374599680","0.6614550662200667","3004","Chemicals"
"Wadding, gauze and bandages","262010784","0.03224581751195497","3005","Chemicals"
"Pharmaceutical goods","200500560","0.024675718953631992","3006","Chemicals"
"Animal or vegetable fertilizers","17261436","0.002124374832030921","3101","Chemicals"
"Nitrogenous fertilizers","62169736","0.007651265078548894","3102","Chemicals"
"Phosphatic fertilizers","693838","0.00008539104073998654","3103","Chemicals"
"Potassic fertilizers","1896113","0.000233355714778692","3104","Chemicals"
"Mixed fertilizers","45145208","0.005556046650000672","3105","Chemicals"
"Vegetable tanning extracts","909497","0.00011193231760136449","3201","Chemicals"
"Synthetic tanning substances","1072351","0.00013197485281660171","3202","Chemicals"
"Coloring matter of animal or vegetable origin","19170622","0.0023593394484200665","3203","Chemicals"
"Synthetic organic coloring matter","532879168","0.06558174493783582","3204","Chemicals"
"Color lakes","1981076","0.00024381215993504184","3205","Chemicals"
"Other coloring matter","389950880","0.047991478530541136","3206","Chemicals"
"Prepared pigments","628569152","0.07735836616952486","3207","Chemicals"
"Paints and varnishes, nonaqueous","1695550336","0.2086723526501487","3208","Chemicals"
"Paints and varnishes, aqueous","145449792","0.01790058935125284","3209","Chemicals"
"Other paints and varnishes","20515078","0.0025248024197031607","3210","Chemicals"
"Prepared driers","3253208","0.00040037417504323793","3211","Chemicals"
"Pigments, nonaqueous","148173472","0.018235794211526688","3212","Chemicals"
"Artists' colors","10546684","0.0012979864508945377","3213","Chemicals"
"Glaziers' putty","302005536","0.03716799458703252","3214","Chemicals"
"Ink","949405120","0.11684383282649813","3215","Chemicals"
"Essential oils","12725737","0.0015661637538061535","3301","Chemicals"
"Mixtures of odoriferous subtances","230216288","0.028332850647581242","3302","Chemicals"
"Perfumes","19723748","0.002427412982588483","3303","Chemicals"
"Make-up preparations","5595726848","0.6886693136544906","3304","Chemicals"
"Hair products","534313600","0.0657582813070614","3305","Chemicals"
"Dental hygiene products","116692824","0.014361452800578923","3306","Chemicals"
"Toiletries","343782880","0.04230955628228766","3307","Chemicals"
"Soap","93039904","0.011450474365642177","3401","Chemicals"
"Cleaning products","1285874432","0.15825330409896696","3402","Chemicals"
"Lubricants","992120448","0.12210083275078865","3403","Chemicals"
"Artificial and prepared waxes","55505888","0.006831141481897979","3404","Chemicals"
"Polishes and creams","569335360","0.07006842940351336","3405","Chemicals"
"Candles","639438","0.00007869600152873655","3406","Chemicals"
"Modeling pastes","32487062","0.0039982013593439225","3407","Chemicals"
"Casein","282051","0.000034712178392872606","3501","Chemicals"
"Albumins","3141404","0.0003866143926172344","3502","Chemicals"
"Gelatin","22478382","0.0027664273694017623","3503","Chemicals"
"Peptones","52714048","0.00648754813131827","3504","Chemicals"
"Dextrins and other modified starches","32260938","0.003970372148928395","3505","Chemicals"
"Glues and adhesives","779331648","0.09591279305014838","3506","Chemicals"
"Enzymes","266296432","0.03277325467014642","3507","Chemicals"
"Propellant powders","6778158","0.0008341917939347018","3601","Chemicals"
"Prepared explosives, except gunpowder","24732","0.0000030437814296440193","3602","Chemicals"
"Detonators","10829262","0.0013327634874797693","3603","Chemicals"
"Fireworks","1046149","0.00012875015764356545","3604","Chemicals"
"Matches","369677","0.000045496360487082","3605","Chemicals"
"Ferrocerium and other pyrophoric alloys","1420332","0.00017480107413590283","3606","Chemicals"
"Photographic plates","1155535360","0.1422123997276814","3701","Chemicals"
"Photographic film in rolls","356723968","0.04390222340721848","3702","Chemicals"
"Photographic paper","8430698","0.0010375708398567432","3703","Chemicals"
"Photographic film, not developed","27235334","0.003351868181277388","3704","Chemicals"
"Photographic film, developed","378143040","0.04653828088715573","3705","Chemicals"
"Motion-picture film","258362","0.00003179675957163545","3706","Chemicals"
"Chemical preparations for photographic uses","3141088000","0.3865755023159337","3707","Chemicals"
"Artificial graphite","269616160","0.033181815499754595","3801","Chemicals"
"Activated carbon","100876256","0.012414898702281095","3802","Chemicals"
"Tall oil","361714","0.000044516349508420536","3803","Chemicals"
"Residual lyes","3830078","0.0004713698969144471","3804","Chemicals"
"Turpentines","945761","0.00011639534888733452","3805","Chemicals"
"Rosin and resin acids","17205062","0.002117436851507116","3806","Chemicals"
"Wood tar and oils","65139","0.000008016694102603175","3807","Chemicals"
"Insecticides, rodenticides, fungicides, etc.","660381632","0.08127354633509666","3808","Chemicals"
"Finishing agents","155898800","0.01918655476078712","3809","Chemicals"
"Pickling preparations for metal surfaces","355688416","0.043774777428444794","3810","Chemicals"
"Anti-knock","191597696","0.023580038373256517","3811","Chemicals"
"Stabilizers for rubber or plastic","110082336","0.013547896249742572","3812","Chemicals"
"Preparations for fire extinguishers","2415713","0.00029730318489202824","3813","Chemicals"
"Organic composite solvents and thinners","54488180","0.0067058915744420446","3814","Chemicals"
"Catalytic preparations","1735457024","0.21358369163822075","3815","Chemicals"
"Refractory cements","67788560","0.008342776971951698","3816","Chemicals"
"Mixed alkylbenzenes","6171667","0.0007595505985988523","3817","Chemicals"
"Chemical elements for electronics","4219958016","0.519352654171851","3818","Chemicals"
"Hydraulic fluids","20441088","0.0025156964279524183","3819","Chemicals"
"Antifreezing preparation","14631461","0.0018007022998690245","3820","Chemicals"
"Prepared culture media for micro-organisms","36908240","0.004542318272393845","3821","Chemicals"
"Diagnostic or laboratory reagents","965842752","0.11886682162760284","3822","Chemicals"
"Industrial monocarboxylic fatty acids","4118916864","0.5069174616242431","3823","Chemicals"
"Polymers of ethylene","1030819520","0.12686354974488764","3901","Chemicals"
"Polymers of propylene","858879488","0.10570279135842485","3902","Chemicals"
"Polymers of styrene","646297664","0.0795402243128542","3903","Chemicals"
"Polymers of vinyl chloride","1342557568","0.16522933016765476","3904","Chemicals"
"Polymers of vinyl acetate","368037344","0.04529456708243198","3905","Chemicals"
"Acrylic polymers","1239911680","0.1525966418398317","3906","Chemicals"
"Polyacetals","2626305280","0.32322089761604544","3907","Chemicals"
"Polyamides","513165056","0.06315551786329586","3908","Chemicals"
"Amino-resins","762847296","0.09388405439183868","3909","Chemicals"
"Silicones in primary forms","727704064","0.08955895666665385","3910","Chemicals"
"Petroleum resins","668016448","0.08221316752058708","3911","Chemicals"
"Cellulose n.e.c.","317276288","0.039047374797055945","3912","Chemicals"
"Natural polymers","76512768","0.009416470255905756","3913","Chemicals"
"Ion-exchangers based on polymers","92425200","0.011374822391684232","3914","Chemicals"
"Plastic waste","272290720","0.033510975133446516","3915","Chemicals"
"Monofilament","32444618","0.0039929777519122625","3916","Chemicals"
"Plastic tubes and fittings","633272576","0.07793721925972953","3917","Chemicals"
"Plastic floor coverings","29932374","0.003683794441466904","3918","Chemicals"
"Self-adhesive plastic sheets","2635468288","0.324348594267755","3919","Chemicals"
"Other plates of plastics, noncellular and not reinforced","6103192064","0.7511233489387819","3920","Chemicals"
"Other plastic plates, sheets etc.","1728470400","0.21272384381406154","3921","Chemicals"
"Baths, sinks etc.","16325721","0.0020092158501273404","3922","Chemicals"
"Packing lids","708323712","0.08717380562680409","3923","Chemicals"
"Plastic household articles","117519880","0.0144632390570109","3924","Chemicals"
"Plastic builders' ware","41519448","0.00510982228657086","3925","Chemicals"
"Other articles of plastic","2319438592","0.285454638263354","3926","Chemicals"
"Natural rubber","11573330","0.0014243363631385258","4001","Chemicals"
"Synthetic rubber","1920265984","0.23632823637701356","4002","Chemicals"
"Reclaimed rubber","1922406","0.00023659160937393822","4003","Chemicals"
"Scrap of rubber","2005446","0.00024681138981699335","4004","Chemicals"
"Compounded rubber","177948640","0.021900241220378817","4005","Chemicals"
"Unvulcanized rubber rods","5394076","0.0006638520280967368","4006","Chemicals"
"Vulcanized rubber thread and cord","2421796","0.00029805182319206564","4007","Chemicals"
"Vulcanized rubber plates","123247496","0.015168140044271613","4008","Chemicals"
"Vulcanized rubber tubes","435278464","0.05356997029949752","4009","Chemicals"
"Conveyor belts of vulcanized rubber","301121888","0.03705924352069166","4010","Chemicals"
"New pneumatic tires of rubber","4060391680","0.49971473365134567","4011","Chemicals"
"Used pneumatic tires of rubber","112574064","0.013854554644297159","4012","Chemicals"
"Rubber inner tubes","9274976","0.0011414766177096057","4013","Chemicals"
"Rubber hygenic or pharmeceutical items","52701968","0.006486061438787536","4014","Chemicals"
"Vulcanized rubber articles of apparel","9168442","0.0011283654172071919","4015","Chemicals"
"Other articles of vulcanized rubber","1449660160","0.17841050761373028","4016","Chemicals"
"Hard rubber","4580951","0.0005637802678274786","4017","Chemicals"
"Raw hides of bovines or equines","226893","0.00002792385168673057","4101","Agriculture"
"Raw skins of sheep or lambs","9044","0.00000111305026887031","4102","Agriculture"
"Other raw hides and skins","32866","0.000004044837476414376","4103","Agriculture"
"Tanned hides of bovines or equines","59164180","0.007281369577232576","4104","Agriculture"
"Tanned sheepskins","1027969","0.00012651273461304112","4105","Agriculture"
"Tanned skins of other animals","822828","0.00010126591404622064","4106","Agriculture"
"Bovine leather further prepared","46032168","0.005665205326081744","4107","Agriculture"
"Chamois leather","78708","0.00000968663871762985","4108","Agriculture"
"Patent leather","596164","0.00007337024552087567","4109","Agriculture"
"Waste of leather","42604","0.000005243298723457617","4110","Agriculture"
"Composition leather","699014","0.00008602805402964518","4111","Agriculture"
"Saddlery and harnesses","1593254","0.00019608268388751626","4201","Agriculture"
"Trunks or cases","117380264","0.014446056435788146","4202","Agriculture"
"Leather apparel","10542850","0.001297514598314833","4203","Agriculture"
"Other articles of leather","7690319","0.0009464519715444995","4205","Agriculture"
"Articles of gut","148197","0.000018238689815985553","4206","Agriculture"
"Other raw furskins","2469","3.0386124655470985e-7","4301","Agriculture"
"Other tanned furskins","228123","0.000028075228492426112","4302","Agriculture"
"Furskin apparel","943353","0.00011609899494577771","4303","Agriculture"
"Artificial fur","3029113","0.0003727946748218213","4304","Agriculture"
"Fuel wood","1674962","0.00020613853432635478","4401","Agriculture"
"Wood charcoal","2907256","0.0003577976639180476","4402","Agriculture"
"Wood in the rough","156091664","0.01921029064392018","4403","Agriculture"
"Strips and other pieces of wood","96438","0.000011868679989972906","4404","Agriculture"
"Wood wool or flour","75811","0.000009330103265516042","4405","Agriculture"
"Wooden railway ties","9293","0.000001143694841730627","4406","Agriculture"
"Wood sawn lengthwise","57908860","0.007126876624610034","4407","Agriculture"
"Sheets for veneering for plywood","6974890","0.0008584037140469744","4408","Agriculture"
"Wood shaped along its edges","3075708","0.0003785291482050601","4409","Agriculture"
"Particle board and similar board","5498945","0.0006767583160938797","4410","Agriculture"
"Fiberboard of wood","3365823","0.00041423376770454156","4411","Agriculture"
"Plywood","56734144","0.006982303652512924","4412","Agriculture"
"Densified wood","394681","0.00004857361711278228","4413","Agriculture"
"Wooden frames","526766","0.00006482939384472997","4414","Agriculture"
"Packing boxes","4520342","0.0005563210834239004","4415","Agriculture"
"Casks, barrels, etc. of wood","2216983","0.00027284536977343065","4416","Agriculture"
"Wooden tools","3308910","0.0004072294521414925","4417","Agriculture"
"Wood carpentry for construction","10962223","0.0013491270740343098","4418","Agriculture"
"Wooden kitchenware","8238125","0.0010138707702606396","4419","Agriculture"
"Wood marquetry, ornaments, etc.","6630558","0.0008160265772512367","4420","Agriculture"
"Other articles of wood","22670836","0.002790112793599592","4421","Agriculture"
"Natural cork, raw","329286","0.000040525416943302626","4501","Agriculture"
"Natural cork, debacked","213915","0.000026326641780781996","4502","Agriculture"
"Articles of natural cork","757164","0.00009318460789240596","4503","Agriculture"
"Agglomerated cork","2696906","0.0003319097687326352","4504","Agriculture"
"Products of plaiting materials","2075098","0.00025538350141886805","4601","Agriculture"
"Basketwork","1425576","0.00017544645622457553","4602","Agriculture"
"Mechanical woodpulp","47266","0.000005817053738215842","4701","Agriculture"
"Chemical woodpulp, dissolving grade","67740728","0.008336890260268745","4702","Agriculture"
"Chemical woodpulp, soda or sulfate","108984800","0.013412821864526423","4703","Agriculture"
"Chemical woodpulp, sulfite","164737","0.000020274277105582515","4704","Agriculture"
"Semichemical woodpulp","169516","0.00002086243137746788","4705","Agriculture"
"Pulps of recovered paper fibers","2976833","0.00036636054522689205","4706","Agriculture"
"Paper waste","419981184","0.05168732527329403","4707","Agriculture"
"Newsprint","12944380","0.0015930722732595604","4801","Agriculture"
"Paper used for graphic purposes","141515232","0.017416360794653283","4802","Agriculture"
"Tissue","23980048","0.0029512382655819264","4803","Agriculture"
"Uncoated kraft paper and paperboard","364597664","0.04487124369136301","4804","Agriculture"
"Other uncoated paper and paperboard","438734944","0.05399536127620527","4805","Agriculture"
"Transparent paper","20088094","0.0024722532538469775","4806","Agriculture"
"Uncoated composite paper","2155592","0.0002652899441811908","4807","Agriculture"
"Corrugated paper and paperboard","7755394","0.0009544607891303836","4808","Agriculture"
"Carbon paper","11289112","0.0013893574908123666","4809","Agriculture"
"Paper and paperboard, coated with kaolin","373820128","0.04600625762710457","4810","Agriculture"
"Cellulose wadding, coated","585307840","0.07203417168110354","4811","Agriculture"
"Filter blocks of paper pulp","2205049","0.0002713766455464627","4812","Agriculture"
"Cigarette paper","1272111","0.0001565594306261476","4813","Agriculture"
"Wallpaper","24634162","0.0030317404508508157","4814","Agriculture"
"Other carbon paper","17117112","0.0021066127945470157","4816","Agriculture"
"Letterstock","2912874","0.0003584890744012976","4817","Agriculture"
"Toilet paper","1085203200","0.13355658044437427","4818","Agriculture"
"Cardboard packing containers","66598976","0.008196374186564279","4819","Agriculture"
"Notebooks","33538512","0.004127603914098864","4820","Agriculture"
"Paper labels","65151548","0.00801823839216242","4821","Agriculture"
"Bobbins, spools, cops of paper","2802514","0.00034490700588376915","4822","Agriculture"
"Other paper cut to size","249885104","0.030753503117413244","4823","Agriculture"
"Books, brochures etc.","106101816","0.013058011369574102","4901","Agriculture"
"Newspapers, journals and periodicals","17010338","0.0020934720571069054","4902","Agriculture"
"Children's books","1971880","0.00024268040293896364","4903","Agriculture"
"Music, printed or in manuscript","1205713","0.00014838779067121054","4904","Agriculture"
"Maps","756211","0.00009306732163563536","4905","Agriculture"
"Architectural, engineering, etc. drawings","3851863","0.00047405098936329046","4906","Agriculture"
"Unused stamps","9482852","0.0011670600362955947","4907","Agriculture"
"Transfers (decalcomanias)","91848360","0.011303830361930235","4908","Agriculture"
"Printed or illustrated postcards","3106806","0.0003823563969071089","4909","Agriculture"
"Calendars","3414528","0.0004202279199983638","4910","Agriculture"
"Other printed matter","100664080","0.012388786080228042","4911","Agriculture"
"Silkworm cocoons","1676","2.0626628158189294e-7","5001","Textiles"
"Raw silk","96135","0.000011831389606130834","5002","Textiles"
"Silk waste","294535","0.000036248591435395487","5003","Textiles"
"Silk yarn","824927","0.00010152423918049297","5004","Textiles"
"Yarn from silk waste","714106","0.0000878854351284721","5005","Textiles"
"Silk yarn, for retail sale","1451551","0.00017864321437737369","5006","Textiles"
"Woven silk fabrics","39836040","0.004902644298178729","5007","Textiles"
"Wool","95663","0.00001177330029532734","5101","Textiles"
"Animal hair","23614","0.0000029061885282069332","5102","Textiles"
"Wool or animal hair waste","1045","1.2860874955434257e-7","5103","Textiles"
"Garnetted stock of wool or animal hair","85439","0.0000105150267494483","5104","Textiles"
"Wool, combed","388225","0.000047779073488741274","5105","Textiles"
"Yarn of carded wool, not for retail sale","1321768","0.00016267074610616674","5106","Textiles"
"Yarn of combed wool, not for retail sale","5092002","0.0006266756076059439","5107","Textiles"
"Yarn of animal hair, not for retail sale","1284987","0.0001581440873335751","5108","Textiles"
"Yarn of wool or animal hair, for retail sale","2446534","0.00030109634304515206","5109","Textiles"
"Yarn of coarse animal hair or of horsehair","166489","0.000020489896750768362","5110","Textiles"
"Woven fabrics of carded wool","37960608","0.004671833805935477","5111","Textiles"
"Woven fabrics of combed wool","65810916","0.008099387190225718","5112","Textiles"
"Woven fabrics of coarse animal hair","62526","0.000007695110693430452","5113","Textiles"
"Raw cotton","576764","0.00007098267639039314","5201","Textiles"
"Cotton waste","432892","0.0000532762668058167","5202","Textiles"
"Cotton, carded or combed","7322982","0.0009012435961999604","5203","Textiles"
"Cotton sewing thread","2412311","0.0002968844988001777","5204","Textiles"
"Cotton yarn of > 85%","7434190","0.0009149300285640171","5205","Textiles"
"Cotton yarn of < 85%","3235592","0.00039820616381630076","5206","Textiles"
"Cotton yarn for retail sale","1086547","0.000133721962681361","5207","Textiles"
"Woven fabrics of cotton of > 85% weighing < 200 g/m2","103715856","0.012764369903462447","5208","Textiles"
"Woven fabrics of cotton of < 85% weighing > 200 g/m2","117459296","0.014455782949371665","5209","Textiles"
"Woven fabrics of cotton of < 85% weighing < 200 g/m2","27315104","0.003361685520944326","5210","Textiles"
"Woven fabrics of cotton of < 85% weighing > 200 g/m2","52250956","0.00643055513318562","5211","Textiles"
"Other woven cotton fabrics","7490361","0.000921843025761354","5212","Textiles"
"Flax, raw or processed","212527","0.00002615581982443613","5301","Textiles"
"Hemp fiber","13305","0.0000016374539835603136","5302","Textiles"
"Textile bast fibers","762029","0.00009378334623363263","5303","Textiles"
"Flax yarn","1049979","0.00012922151794097516","5306","Textiles"
"Yarn of textile bast fibers","121044","0.000014896954527326162","5307","Textiles"
"Yarn of other vegetable textile fibers","3616245","0.0004450533469207115","5308","Textiles"
"Woven fabrics of flax","8826747","0.0010863128175143965","5309","Textiles"
"Woven fabrics of jute or of other textile bast fibers","137282","0.00001689537450365479","5310","Textiles"
"Woven fabrics of vegetable textile fibers","3817996","0.00046988295824256616","5311","Textiles"
"Synthetic sowing thread","24014966","0.0029555356438756473","5401","Textiles"
"Synthetic filament yarn","515411104","0.06343194027929493","5402","Textiles"
"Artificial filament yarn","137987152","0.01698215796486603","5403","Textiles"
"Synthetic monofilament >67 dtex, thickness < 1mm","82490368","0.010152136917471343","5404","Textiles"
"Artificial monofilament >67dtex t<1mm, strip, straws t<5mm","2928173","0.0003603719311088879","5405","Textiles"
"Synthetic filament yarn for retail sale","6073508","0.0007474701141514794","5406","Textiles"
"Woven fabrics of synthetic filament yarn","767492416","0.09445573197531223","5407","Textiles"
"Woven fabrics of artificial filament yarn","123148336","0.01515593636617993","5408","Textiles"
"Synthetic filament tow","258575616","0.03182304941531469","5501","Textiles"
"Artificial filament tow","182635776","0.022477089737078477","5502","Textiles"
"Synthetic staple fibers","332544256","0.04092641237860208","5503","Textiles"
"Artificial staple fibers, not processed for spinning","39993940","0.004922077141771677","5504","Textiles"
"Waste of man-made fibers","11221004","0.0013809754001763408","5505","Textiles"
"Synthetic staple fibers, processed","24197324","0.0029779785475610356","5506","Textiles"
"Artificial staple fibers, processed","662718","0.00008156108448531558","5507","Textiles"
"Synthetic staple fibers sewing thread","4857330","0.0005977943899261194","5508","Textiles"
"Yarn of synthetic staple fibers, not for retail sale","25751666","0.0031692723092833284","5509","Textiles"
"Yarn of artificial staple fibers, not for retail sale","3404500","0.000418993768284937","5510","Textiles"
"Yarn of synthetic staple fibers, for retail sale","734706","0.00009042068894743809","5511","Textiles"
"Woven fabrics of > 85% synthetic staple fibers","73453040","0.009039907775469","5512","Textiles"
"Woven fabrics of < 85% synthetic staple fibers weighing < 170 g/m2","41014648","0.00504769626094882","5513","Textiles"
"Woven fabrics of < 85% synthetic staple fibers weighing > 170 g/m2","55484172","0.006828468881318724","5514","Textiles"
"Other woven fabrics of synthetic staple fibers","123910344","0.015249717127931514","5515","Textiles"
"Woven fabrics of artificial staple fibers","19755934","0.002431374132074757","5516","Textiles"
"Wadding of textile materials","130957248","0.016116983646275528","5601","Textiles"
"Felt","31214820","0.0038416258064726157","5602","Textiles"
"Nonwoven textiles","769991872","0.09476334145926066","5603","Textiles"
"Rubber textiles","22906008","0.002819055546566284","5604","Textiles"
"Metallised yarn","11665235","0.0014356471642177524","5605","Textiles"
"Gimp yarn","7937039","0.000976815943496698","5606","Textiles"
"Twine and ropes of baste fibers","34007984","0.004185382102491951","5607","Textiles"
"Nets","66869192","0.008229629824716983","5608","Textiles"
"Articles of yarn, rope etc not elsewhere clasified","5224190","0.0006429440606069864","5609","Textiles"
"Carpets, knotted","271359","0.00003339630781848502","5701","Textiles"
"Woven carpets and rugs","2212484","0.0002722916752621914","5702","Textiles"
"Carpets, tufted","30006150","0.003692874096114867","5703","Textiles"
"Carpets of felt","1029333","0.00012668060287561732","5704","Textiles"
"Other carpets","2915058","0.00035875786053433755","5705","Textiles"
"Woven pile fabrics","23681492","0.0029144948073695377","5801","Textiles"
"Terry cloth","3128378","0.0003850112753237465","5802","Textiles"
"Gauze","12480398","0.0015359697423162847","5803","Textiles"
"Lace and net fabrics","13384789","0.0016472736615681521","5804","Textiles"
"Hand-woven tapestries","94824","0.000011670044083962658","5805","Textiles"
"Narrow woven fabrics","70922424","0.00872846341244296","5806","Textiles"
"Labels and badges of textiles","24276446","0.0029877161374961925","5807","Textiles"
"Braids in piece","6417238","0.000789773162461828","5808","Textiles"
"Woven fabric incorporating metal threads","946084","0.00011643510068265131","5809","Textiles"
"Embroidery in the piece","14015878","0.0017249421468767652","5810","Textiles"
"Quilted textile products","7331458","0.0009022867423829486","5811","Textiles"
"Stiffened textiles","7404380","0.0009112612947609407","5901","Textiles"
"Tire cord fabric","24995762","0.00307624277031383","5902","Textiles"
"Textile fabrics impregnated with plastics","425126080","0.05232051057582717","5903","Textiles"
"Linoleum","16327","0.0000020093732573911493","5904","Textiles"
"Textile wall coverings","1477085","0.00018178569840715414","5905","Textiles"
"Rubberized textile fabrics","39703656","0.004886351723345235","5906","Textiles"
"Other textile fabrics impregnated, coated or covered","8826931","0.001086335462499964","5907","Textiles"
"Textile wicks","798917","0.00009832317355761405","5908","Textiles"
"Textile hosepiping and similar tubing","3419926","0.0004208922549553919","5909","Textiles"
"Transmission belts or belting, of textile material","28997014","0.003568679149617","5910","Textiles"
"Textile articles for technical use","329001472","0.040490399919098606","5911","Textiles"
"Pile fabrics, knit","19788096","0.002435332327867261","6001","Textiles"
"Other knitted fabrics","429412096","0.05284799302398976","6002","Textiles"
"Men's overcoats, knit","3795956","0.00046717048279742003","6101","Textiles"
"Women's overcoats, knit","5226923","0.0006432804124850075","6102","Textiles"
"Men's suits, knit","18612590","0.0022906621300169","6103","Textiles"
"Women's suits, knit","30688816","0.0037768901924050725","6104","Textiles"
"Men's shirts, knit","10102028","0.001243262381859288","6105","Textiles"
"Women's shirts, knit","10446272","0.001285628688444537","6106","Textiles"
"Men's undergarments, knit","3248366","0.0003997782673252072","6107","Textiles"
"Women's undergarments, knit","6751052","0.000830855842963008","6108","Textiles"
"T-shirts, knit","69394720","0.008540448004663853","6109","Textiles"
"Sweaters, pullovers, sweatshirts etc., knit","78156512","0.009618766773061215","6110","Textiles"
"Babies' garments, knit","1776018","0.00021857555422584148","6111","Textiles"
"Activewear, knit","1486812","0.00018298280587788628","6112","Textiles"
"Garments knit with impregnated fibers","509580","0.0000627143029644994","6113","Textiles"
"Other garments, knit","16210828","0.001995075902699066","6114","Textiles"
"Socks, stockings, etc., knit","21193682","0.0026083186033228497","6115","Textiles"
"Gloves, knit","3325756","0.0004093026990266527","6116","Textiles"
"Other clothing accesories, knit","10099294","0.0012429259069106932","6117","Textiles"
"Men's overcoats, not knit","23960546","0.0029488381432529226","6201","Textiles"
"Womens overcoats, not knit","20205568","0.002486710846426065","6202","Textiles"
"Men's suits and pants","72043960","0.008866491491428779","6203","Textiles"
"Women's suits and pants","96691712","0.011899904471376668","6204","Textiles"
"Men's shirts","20314026","0.0025000588347123473","6205","Textiles"
"Women's shirts","23324542","0.0028705647660743966","6206","Textiles"
"Men's undergarments","1190339","0.00014649570367059002","6207","Textiles"
"Women's undergarments","3212461","0.0003953594183752084","6208","Textiles"
"Babies' garments","1639024","0.00020171562404742275","6209","Textiles"
"Garments made of textile felts and nonwoven fabric","16246860","0.001999510381611929","6210","Textiles"
"Activewear","21916318","0.0026972538304452917","6211","Textiles"
"Brassieres","13818457","0.0017006454311391883","6212","Textiles"
"Handkerchiefs","1574283","0.00019374791203316657","6213","Textiles"
"Shawls, scarves, etc.","5495402","0.0006763222770511323","6214","Textiles"
"Ties, bow ties and cravats","653543","0.00008043191197128583","6215","Textiles"
"Gloves","796715","0.00009805217215424692","6216","Textiles"
"Other clothing accesories","7285254","0.0008966003895940404","6217","Textiles"
"Blankets","6233236","0.0007671279307532173","6301","Textiles"
"House linen","17319314","0.002131497910697626","6302","Textiles"
"Curtains","2638882","0.00032476872176216514","6303","Textiles"
"Other furnishing articles","3864472","0.0004756027862275304","6304","Textiles"
"Bags for packing goods","4407228","0.0005424000785463024","6305","Textiles"
"Tents, tarpaulins, etc.","4583444","0.0005640870827678029","6306","Textiles"
"Other made up articles","238897312","0.029401229251879078","6307","Textiles"
"Needlecraft sets of woven fabric and yarn","255442","0.00003143739349632572","6308","Textiles"
"Used clothes and textiles","89547944","0.01102071684497827","6309","Textiles"
"Used or new rags textile scraps","5132893","0.0006317080864365914","6310","Textiles"
"Waterproof footwear","3074094","0.0003783305122990499","6401","Textiles"
"Other footwear of rubber or plastics","24975484","0.003073747145219607","6402","Textiles"
"Leather footwear","19460178","0.0023949752714688298","6403","Textiles"
"Textile footwear","27487852","0.003382945716416109","6404","Textiles"
"Other footwear","3818150","0.0004699019111109215","6405","Textiles"
"Parts of footwear","12817255","0.0015774269265733444","6406","Textiles"
"Hat forms","28858","0.000003551570616879634","6501","Textiles"
"Hat shapes","50262","0.0000061857731771295365","6502","Textiles"
"Hats","619678","0.00007626412699170898","6504","Textiles"
"Hats, knit","6607768","0.0008132217988757885","6505","Textiles"
"Other headgear","161609904","0.019889423606734298","6506","Textiles"
"Headbands","1735022","0.0002135301529849517","6507","Textiles"
"Umbrellas","2397408","0.0002950503780397869","6601","Textiles"
"Walking sticks","124931","0.000015375329847438823","6602","Textiles"
"Parts of umbrellas or walking sticks","214600","0.000026410945123791305","6603","Textiles"
"Feathers or down","1255411","0.00015450415204475287","6701","Textiles"
"Artificial flowers","1062217","0.00013072765562235894","6702","Textiles"
"Human animal hair prepared for use in wigs","3740141","0.00046030129872433334","6703","Textiles"
"Wigs","3164227","0.000389423232321616","6704","Textiles"
"Flagstones, of natural stone","190550","0.00002345109782543538","6801","Stone"
"Worked building stone","7035905","0.0008659128651034895","6802","Stone"
"Worked slate","84430","0.000010390848540548461","6803","Stone"
"Grindstones","396606592","0.04881060082500414","6804","Stone"
"Natural or artificial abrasive powder","223091984","0.027456058466830045","6805","Stone"
"Mineral wools and insulating materials","309998400","0.03815168094530805","6806","Stone"
"Asphalt","1801456","0.00022170622348054324","6807","Stone"
"Panels of vegetable fibers","32580530","0.004009704519729899","6808","Stone"
"Plaster articles","12562252","0.0015460435610588888","6809","Stone"
"Articles of cement, of concrete or of artificial stone","27342476","0.003365054208688634","6810","Stone"
"Asbestos-cement or cellulose fiber-cement","36749040","0.00452272543705504","6811","Stone"
"Asbestos fibres","6835484","0.0008412469376447041","6812","Stone"
"Friction material and articles thereof","204308272","0.025144336254094252","6813","Stone"
"Mica articles","11969746","0.0014731235076967403","6814","Stone"
"Articles of stone or of other mineral substances","857946112","0.10558792023859323","6815","Stone"
"Bricks, blocks, and other ceramic goods","1742274","0.00021442266078568672","6901","Stone"
"Bricks, tiles and similar refractory ceramic constructional goods","90777744","0.011172069036559065","6902","Stone"
"Other refractory ceramic goods","181917776","0.022388725065135874","6903","Stone"
"Ceramic building bricks","2422352","0.00029812025043106296","6904","Stone"
"Architectural ceramic ornaments","9236871","0.0011367870134973872","6905","Stone"
"Ceramic pipes","2603494","0.00032041350029878804","6906","Stone"
"Unglazed ceramic flags and pavers","30633680","0.0037701045732515524","6907","Stone"
"Glazed ceramic flags and pavers","4561","5.613248868108674e-7","6908","Stone"
"Ceramic wares for technical ware","889521024","0.10947386277410368","6909","Stone"
"Ceramic sinks, washbasins, and similar sanitary fixtures","27660836","0.0034042349565432946","6910","Stone"
"Porcelain or china household articles","70071392","0.008623726415935085","6911","Stone"
"Ceramic household articles","42334340","0.00521011151254391","6912","Stone"
"Ornamental ceramic articles","22484278","0.002767152993504511","6913","Stone"
"Other ceramic articles","104280360","0.012833843734618836","6914","Stone"
"Cullet and other scraps of glass","35800536","0.004405992505583947","7001","Stone"
"Glass balls","188435056","0.02319081045393542","7002","Stone"
"Glass, cast or rolled","115329560","0.014193675117944997","7003","Stone"
"Drawn and blown glass","385345952","0.04742474739956718","7004","Stone"
"Float glass","292079968","0.035946449238614724","7005","Stone"
"Worked glass","582242688","0.07165694166587484","7006","Stone"
"Safety glass","118580960","0.01459382678139092","7007","Stone"
"Multiple-walled insulating glass","2936719","0.0003614236922320376","7008","Stone"
"Glass mirrors","79848528","0.009827004152952066","7009","Stone"
"Glass containers for conveyance","64978136","0.007996896477829673","7010","Stone"
"Glass envelopes","8005052","0.0009851863424282191","7011","Stone"
"Glassware for interior decorative use","39090972","0.004810948351946237","7013","Stone"
"Signaling glassware","73384368","0.009031456273029387","7014","Stone"
"Clock or watch glasses and similar glasses","1093021","0.00013451872157572924","7015","Stone"
"Glass paving blocks or other molded products","1966284","0.0002419917000083358","7016","Stone"
"Laboratory, hygienic or pharmaceutical glassware","83354464","0.01025848170795451","7017","Stone"
"Glass beads","40107960","0.004936109648589081","7018","Stone"
"Glass fibers","452077408","0.055637425975740035","7019","Stone"
"Other articles of glass","463561440","0.05705077238278507","7020","Stone"
"Pearls","78184064","0.009622157613508795","7101","Stone"
"Diamonds","71295840","0.008774419933805242","7102","Stone"
"Precious stones","13883772","0.0017086837856627691","7103","Stone"
"Synthetic precious stones","39822780","0.004901012382370987","7104","Stone"
"Diamond dust","5485460","0.0006750987094070468","7105","Stone"
"Silver","1581952896","0.19469185053438365","7106","Stone"
"Silver clad metals","24609072","0.0030286526101557737","7107","Stone"
"Gold","9375454208","1.1538425284161522","7108","Stone"
"Gold clad metals","5835908","0.0007182285458317552","7109","Stone"
"Platinum","1650670080","0.20314891379480055","7110","Stone"
"Platinum clad metals","47143152","0.005801934764373496","7111","Stone"
"Scrap of precious metal","392123776","0.048258898087930255","7112","Stone"
"Jewelry of precious metal","452796832","0.055725965900179635","7113","Stone"
"Goldsmith and silversmith wares","75391272","0.009278447099742888","7114","Stone"
"Other articles of precious metals","301243872","0.0370742561615583","7115","Stone"
"Articles of precious stones","26906564","0.0033114062687501335","7116","Stone"
"Imitation jewelry","22179240","0.002729611791833164","7117","Stone"
"Coin","244374","0.00003007524838621331","7118","Stone"
"Pig iron","172674752","0.02125118079839829","7201","Metals"
"Ferroalloys","338166432","0.04161833680456805","7202","Metals"
"Ferrous products from the reduction of iron ore","5418537","0.0006668624574008982","7203","Metals"
"Ferrous waste and scrap","2692464384","0.33136313650319926","7204","Metals"
"Powders of iron or steel","214741216","0.026428324657932035","7205","Metals"
"Iron and nonalloy steel","1677244","0.00020641938137562076","7206","Metals"
"Semifinished products of iron or nonalloy steel","1417997568","0.17451377425031467","7207","Metals"
"Flat-rolled iron, width > 600mm, hot-rolled, not clad","6424919040","0.7907184724615187","7208","Metals"
"Flat-rolled iron, width > 600mm, cold-rolled, not clad","1066796608","0.13129127060640589","7209","Metals"
"Flat rolled iron, width > 600mm, clad","2042856832","0.2514155623751824","7210","Metals"
"Flat-rolled iron, width < 600mm, not clad","69604576","0.00856627510298584","7211","Metals"
"Flat-rolled iron, width < 600mm, clad","140364176","0.017274699672330775","7212","Metals"
"Hot rolled bars of iron","425365312","0.05234995299532323","7213","Metals"
"Other bars of iron, not further worked than forged","324417216","0.039926212903024935","7214","Metals"
"Other bars and rods of iron or nonalloy steel","48394760","0.0059559708790263306","7215","Metals"
"Angles of iron or nonalloy steel","363453120","0.04473038400461666","7216","Metals"
"Wire of iron or nonalloy steel","134429088","0.016544264986995863","7217","Metals"
"Stainless steel in ingots","7552972","0.0009295485974535519","7218","Metals"
"Flat-rolled products of stainless steel of a width > 600 mm","852952192","0.10497331563900049","7219","Metals"
"Flat-rolled products of stainless steel of a width < 600 mm","385494336","0.04744300910358046","7220","Metals"
"Bars of stainless steel, hot-rolled","203648016","0.02506307816936148","7221","Metals"
"Other bars and rods of stainless steel","225781168","0.02778701788459229","7222","Metals"
"Wire of stainless steel","146398992","0.018017407939843254","7223","Metals"
"Other alloy steel in primary form","136434048","0.016791016564514018","7224","Metals"
"Flat-rolled products of other alloy steel, width > 600 mm","3101544704","0.3817088861897928","7225","Metals"
"Flat-rolled products of other alloy steel, width < 600 mm","270716672","0.033317256142998186","7226","Metals"
"Bars of other alloy steel","484337312","0.05960767086969519","7227","Metals"
"Other bars and rods of other alloy steel","646243456","0.0795335529031931","7228","Metals"
"Wire of other alloy steel","226203728","0.027839022586230264","7229","Metals"
"Sheet piling of iron or steel","101498416","0.012491468290436817","7301","Metals"
"Railway construction material of iron or steel","257098400","0.03164124759466238","7302","Metals"
"Tubes of cast iron","16638061","0.0020476557131281093","7303","Metals"
"Tubes, seamless, of iron or steel","2439608832","0.30024405864617243","7304","Metals"
"Other tubes and pipes, diameter > 406.4 mm, of iron or steel","423226848","0.052086771003929","7305","Metals"
"Other tubes, pipes and hollow profiles of iron or steel","422603328","0.05201003403979299","7306","Metals"
"Tube or pipe fittings of iron or steel","356631552","0.043890849717076075","7307","Metals"
"Structures and their parts, of iron or steel","204180560","0.025128618664981256","7308","Metals"
"Tanks etc. > 300 liters, iron or steel","42030648","0.005172735963864812","7309","Metals"
"Tanks etc. < 300 liters, iron or steel","54663748","0.0067274988289317645","7310","Metals"
"Containers for compressed or liquified gas","28748374","0.003538078882163228","7311","Metals"
"Wire of iron or steel, not insulated","109506272","0.013476999722753793","7312","Metals"
"Barbed wire of iron or steel","393545","0.00004843380894101794","7313","Metals"
"Cloth of iron or steel wire","87878216","0.01081522246203485","7314","Metals"
"Chain of iron or steel","399253536","0.049136361741731756","7315","Metals"
"Anchors of iron or steel","2736520","0.0003367850864406215","7316","Metals"
"Nails and similar articles of iron or steel","9980305","0.001228281862412395","7317","Metals"
"Screws and similar articles of iron or steel","2356203264","0.2899792875396177","7318","Metals"
"Articles for sewing of iron or steel","21710122","0.0026718771704231795","7319","Metals"
"Springs of iron or steel","371589664","0.0457317531429266","7320","Metals"
"Stoves and similar non-electric appliances of iron or steel","89699688","0.011039392066119298","7321","Metals"
"Radiators for central heating of iron or steel","33863380","0.0041675856052474","7322","Metals"
"Household articles of iron or steel","51716900","0.006364828554858353","7323","Metals"
"Sanitary ware and parts of iron or steel","11330561","0.001394458643023159","7324","Metals"
"Other cast articles of iron or steel","42181008","0.0051912408553317895","7325","Metals"
"Other articles of iron or steel","1271902976","0.1565338289931167","7326","Metals"
"Copper mattes","7405311","0.000911375873465089","7401","Metals"
"Unrefined copper","13554088","0.0016681093866311193","7402","Metals"
"Refined copper and copper alloys","4594584576","0.5654581598478748","7403","Metals"
"Copper waste and scrap","1172273408","0.14427236089826567","7404","Metals"
"Master alloys of copper","3792264","0.000466716106239186","7405","Metals"
"Copper powders and flakes","71016776","0.00874007536721612","7406","Metals"
"Copper bars, rods and profiles","153297168","0.018866370417896627","7407","Metals"
"Copper wire","325584544","0.04006987662972328","7408","Metals"
"Copper plates, sheets and strip > 0.15 mm","1031292224","0.12692172569737506","7409","Metals"
"Copper foil < 0.15 mm thick","1467879424","0.18065276288726184","7410","Metals"
"Copper tubes and pipes","97298256","0.011974552189452927","7411","Metals"
"Copper tube or pipe fittings","71936248","0.008853235313790503","7412","Metals"
"Copper wire, uninsulated","16866062","0.0020757159270105396","7413","Metals"
"Screws and similar articles of copper","30981448","0.003812904580538648","7415","Metals"
"Household articles of copper","5262584","0.0006476692322150146","7418","Metals"
"Other articles of copper","207931296","0.025590223896434325","7419","Metals"
"Nickel mattes","13232127","0.0016284854616404345","7501","Metals"
"Nickel unwrought","397549024","0.0489265864719515","7502","Metals"
"Nickel waste and scrap","33842608","0.004165029183289751","7503","Metals"
"Nickel powders","115347200","0.014195846082865705","7504","Metals"
"Nickel bars, wire etc.","74022936","0.009110045203158973","7505","Metals"
"Nickel plates","180098384","0.0221648114478448","7506","Metals"
"Nickel tubes and pipes","92385640","0.011369953719787227","7507","Metals"
"Other articles of nickel","66654188","0.008203169159081402","7508","Metals"
"Unwrought aluminum","60422408","0.007436220419083544","7601","Metals"
"Waste or scrap, aluminium","312621504","0.0384745078595578","7602","Metals"
"Aluminum powders","3280749","0.000403763661714507","7603","Metals"
"Aluminum bars","107249888","0.013199305249304584","7604","Metals"
"Aluminum wire","31692068","0.0039003609916470755","7605","Metals"
"Aluminum plates > 0.2 mm","599814400","0.07381950234324235","7606","Metals"
"Aluminum foil < 0.2 mm","695453824","0.08558990112672328","7607","Metals"
"Aluminum tubes and pipes","39356748","0.004843657556751552","7608","Metals"
"Aluminum tube or pipe fittings","10068243","0.0012391044425256101","7609","Metals"
"Aluminum structures (bridges, towers etc)","27195378","0.003346950773433184","7610","Metals"
"Aluminum containers, >300 liters","2413886","0.0002970783349538122","7611","Metals"
"Aluminum containers, <300 liters","24934378","0.0030686882062156066","7612","Metals"
"Aluminum containers for compressed or liquefied gas","6405626","0.0007883440669596029","7613","Metals"
"Aluminum wire, not insulated","39825372","0.004901331381298111","7614","Metals"
"Household articles of aluminum","9230256","0.0011359729016521222","7615","Metals"
"Other articles of aluminum","372619424","0.04585848629693721","7616","Metals"
"Lead refined unwrought","110128496","0.013553577187426237","7801","Metals"
"Lead waste or scrap","3586903","0.0004414422101461435","7802","Metals"
"Lead foil <2mm","9395078","0.0011562576397564724","7804","Metals"
"Other articles of lead","6412226","0.000789156332746262","7806","Metals"
"Unwrought zinc","372770176","0.04587703943206908","7901","Metals"
"Zinc waste and scrap","14583691","0.0017948232185616454","7902","Metals"
"Zinc powders","12882123","0.0015854102685504653","7903","Metals"
"Zinx bars and wire","2493234","0.0003068437388386332","7904","Metals"
"Zinc plates and foil","30846778","0.003796330666373592","7905","Metals"
"Other articles of zinc","8649083","0.001064447607102126","7907","Metals"
"Unwrought tin","20708748","0.002548637497718653","8001","Metals"
"Tin waste and scrap","1580253","0.00019448264335837176","8002","Metals"
"Tin bars and wire","39090692","0.004810913892185591","8003","Metals"
"Other articles of tin","46158460","0.005680748154980037","8007","Metals"
"Tungsten (wolfram)","71809624","0.008837651625461728","8101","Metals"
"Molybdenum","46150128","0.005679722730959667","8102","Metals"
"Tantalum","85541824","0.010527681358122152","8103","Metals"
"Magnesium","3777875","0.0004649452437536956","8104","Metals"
"Cobalt","137555504","0.016929034797853938","8105","Metals"
"Bismuth","3823030","0.00047050249551075426","8106","Metals"
"Cadmium","3536806","0.00043527674361368046","8107","Metals"
"Titanium","476019424","0.05858398362126163","8108","Metals"
"Zirconium","11147181","0.0013718899612114124","8109","Metals"
"Antimony","2378829","0.00029276384985034177","8110","Metals"
"Manganese","4731360","0.0005822911897525686","8111","Metals"
"Other metals","35552252","0.004375436051254425","8112","Metals"
"Cermets","30108658","0.0037054898144874187","8113","Metals"
"Handtools for gardening","25464262","0.0031339013341092456","8201","Metals"
"Handsaws","165443984","0.02036128603208484","8202","Metals"
"Pliers, pincers and other metal handtools","55703064","0.00685540804534499","8203","Metals"
"Wrenches","46134416","0.005677789046105124","8204","Metals"
"Hand tools n.e.c.","101539904","0.012496574242399987","8205","Metals"
"Retail tool sets","7075494","0.0008707851060471325","8206","Metals"
"Interchangeable tools for hand tools","1903834368","0.23430598796848043","8207","Metals"
"Knives and blades for machines","271964896","0.033470875786829495","8208","Metals"
"Articles for utensils, of cermet","689884480","0.08490447876530895","8209","Metals"
"Hand-operated appliances, food preparation, <10kg","2902531","0.00035721615545714395","8210","Metals"
"Knife sets","154246848","0.018983248080362433","8211","Metals"
"Razors","32497250","0.003999455202349147","8212","Metals"
"Scissors","22818752","0.0028083169005843575","8213","Metals"
"Other cutlery","14617777","0.0017990182021380178","8214","Metals"
"Cutlery","8556684","0.0010530760091594738","8215","Metals"
"Padlocks and locks","130887480","0.0161083972584871","8301","Metals"
"Base metal mountings, fittings and similar articles","505121248","0.06216556179771192","8302","Metals"
"Safes","3694800","0.0004547211558405597","8303","Metals"
"Paper trays and similar office equipment, of base metal","625339","0.00007696082950962968","8304","Metals"
"Paper clips and similar office articles, of metal","19354980","0.0023820284932529272","8305","Metals"
"Ornaments, statuettes, etc. of metal","12968955","0.0015960967326091278","8306","Metals"
"Flexible tubing of base metal","51582852","0.00634833119059016","8307","Metals"
"Clasps, buckles etc. of metal","35514736","0.004370818935610137","8308","Metals"
"Stoppers, caps and lids of metal","28145934","0.0034639362457215836","8309","Metals"
"Sign plates and similar plates of base metal","22712698","0.002795264773957337","8310","Metals"
"Wire etc. used for welding","135693264","0.016699847852619413","8311","Metals"
"Nuclear reactors and related equipment","46978984","0.005781730514424369","8401","Machinery"
"Steam boilers","94002952","0.01156899723553769","8402","Machinery"
"Central heating boilers","14735454","0.0018135007780435745","8403","Machinery"
"Auxiliary parts for use with boilers","48460740","0.005964091075481445","8404","Machinery"
"Water gas generators","12956735","0.0015945928101980713","8405","Machinery"
"Steam turbines","732486016","0.09014747424287287","8406","Machinery"
"Spark-ignition reciprocating internal combustion piston engines","4605724160","0.5668291148419375","8407","Machinery"
"Compression-ignition internal combustion piston engines","3771339008","0.4641408554683203","8408","Machinery"
"Parts suitable for use with spark-ignition engines","4841126912","0.595800266589661","8409","Machinery"
"Hydraulic turbines, water wheels and regulators","5656302","0.0006961243323652888","8410","Machinery"
"Gas turbines","4072891136","0.5012530488726562","8411","Machinery"
"Other engines and motors","1449356800","0.17837317292448168","8412","Machinery"
"Pumps for liquids","3884693760","0.4780914898326864","8413","Machinery"
"Pumps, compressors, fans, etc.","4722936320","0.5812544826219983","8414","Machinery"
"Air conditioners","1112084096","0.13686482773763775","8415","Machinery"
"Furnace burners","37582384","0.00462528556125467","8416","Machinery"
"Industrial furnaces","232328128","0.028592756008020324","8417","Machinery"
"Refrigerators, freezers","622395136","0.0765985264781483","8418","Machinery"
"Equipment for temperature change of materials","1713744896","0.21091156758822663","8419","Machinery"
"Calendering or other rolling machines, other than for metals or glass","76609688","0.00942839825591227","8420","Machinery"
"Centrifuges","2867445248","0.3528981318285375","8421","Machinery"
"Dish washing machines","875104192","0.10769957498840507","8422","Machinery"
"Weighing machinery","265717760","0.03270203717510134","8423","Machinery"
"Sprays and powder dispersers","450110208","0.05539532154308616","8424","Machinery"
"Pulleys and winches","212115296","0.02610515117694664","8425","Machinery"
"Ships' derricks; cranes","782744960","0.09633287131632907","8426","Machinery"
"Fork-lift trucks","739852416","0.0910540613172433","8427","Machinery"
"Other lifting machinery","1697467264","0.2089082700789197","8428","Machinery"
"Self-propelled bulldozers, excavators and road rollers","8024484352","0.9875778931379031","8429","Machinery"
"Other moving, excavating or boring machinery","242957968","0.029900976515544474","8430","Machinery"
"Parts for use with hoists and excavation machinery","1878689920","0.23121144632684004","8431","Machinery"
"Machinery for soil preparation or cultivation","138634880","0.01706187422145104","8432","Machinery"
"Harvesting or agricultural machinery","361390048","0.04447648054991754","8433","Machinery"
"Dairy machinery","1734626","0.00021348141703775216","8434","Machinery"
"Machines for wine and juice production","7670312","0.0009439896985757593","8435","Machinery"
"Other agricultural machinery","25069012","0.0030852576898400077","8436","Machinery"
"Machinery for processing grain","12867803","0.0015836478979345625","8437","Machinery"
"Machinery for the industrial preparation of food or drink","322583712","0.03970056251379729","8438","Machinery"
"Machinery for making paper","88511152","0.010893118258693154","8439","Machinery"
"Bookbinding machinery","55093936","0.006780442312906199","8440","Machinery"
"Other machinery for making paper","231028304","0.028432785922584223","8441","Machinery"
"Machinery for making printing components","51431628","0.0063297199661474755","8442","Machinery"
"Printers and copiers","7881068032","0.9699275643523668","8443","Machinery"
"Machines to extrude, cut manmade textile fibres","222680128","0.02740537111261334","8444","Machinery"
"Machines for preparing textile fibers","626057728","0.07704928377694996","8445","Machinery"
"Looms","249929008","0.030758906407882564","8446","Machinery"
"Knitting machines","268809632","0.033082555636060273","8447","Machinery"
"Auxiliary machinery for use with knitting and textile machines","214930752","0.026451650962195705","8448","Machinery"
"Machinery to manufacture felt","36842808","0.004534265518613137","8449","Machinery"
"Household- or laundry-type washing machines","36039804","0.0044354393556206625","8450","Machinery"
"Machinery for processing fabrics","91117840","0.011213924846404457","8451","Machinery"
"Sewing machines","252674784","0.031096830635553685","8452","Machinery"
"Machinery for preparing leather","1645977","0.0002025713337466106","8453","Machinery"
"Machines used in metallurgy","275043264","0.033849732302760685","8454","Machinery"
"Metal-rolling mills","326333376","0.040162035813595315","8455","Machinery"
"Machines for working materials by laser and similar means","882848448","0.10865266501748519","8456","Machinery"
"Machining centers for working metal","2061677568","0.25373184115284025","8457","Machinery"
"Lathes for removing metal","1160610304","0.14283697599744055","8458","Machinery"
"Machine tools for drilling by removing metal","164124048","0.020198840751269757","8459","Machinery"
"Machines with grinding stones for finishing metal","578130880","0.07115089909622169","8460","Machinery"
"Other machine tools for planing and cutting metals","202413328","0.02491112440881626","8461","Machinery"
"Machine tools for molding and forging metals","856171136","0.10536947292390522","8462","Machinery"
"Other machine tools for working metal, without removal","127093104","0.015641421227196185","8463","Machinery"
"Machine tools for working stone","216082240","0.026593365251006067","8464","Machinery"
"Machine tools for working wood","157583312","0.019393868619092654","8465","Machinery"
"Parts and accessories for metal working machines","1363434112","0.16779861841536406","8466","Machinery"
"Tools for hand working, pneumatic, hydraulic motors","322665760","0.0397106602082312","8467","Machinery"
"Machinery for soldering","33981024","0.004182064119824022","8468","Machinery"
"Cash registers, calculators, etc.","55817816","0.006869530639822368","8470","Machinery"
"Computers","1326273920","0.16322529226577623","8471","Machinery"
"Other office machines","94227464","0.011596628056188354","8472","Machinery"
"Parts and accessories for office machines","3772342272","0.4642643277444091","8473","Machinery"
"Machinery for working minerals","188304608","0.023174756143732676","8474","Machinery"
"Machines for assembling electric lamps","323115744","0.039766039997283315","8475","Machinery"
"Automatic goods-vending machines","15824581","0.0019475402628051747","8476","Machinery"
"Machinery for working rubber or plastics","2306186752","0.28382372671149353","8477","Machinery"
"Machinery for preparing tobacco","3229127","0.00039741051255709616","8478","Machinery"
"Machines n.e.c.","19590762496","2.4110463803126034","8479","Machinery"
"Molding boxes for metal foundry","1019159232","0.1254285114107982","8480","Machinery"
"Appliances for thermostatically controlled valves","4945635840","0.6086622403191776","8481","Machinery"
"Ball or roller bearings","3423330304","0.4213112246018444","8482","Machinery"
"Transmission shafts","4206582784","0.517706556695756","8483","Machinery"
"Gaskets and similar joints of metal sheeting","331880416","0.040844713208933035","8484","Machinery"
"Machinery parts, not containing electrical features, n.e.c.","659443136","0.08115804509392752","8485","Machinery"
"Electric motors and generators","3028797184","0.3727558071655062","8501","Electronics"
"Electric generating sets and rotary converters","649873728","0.07998033256105162","8502","Electronics"
"Parts for use with electric generators","1157971072","0.14251216420097756","8503","Electronics"
"Electrical transformers","4791228928","0.5896592930705006","8504","Electronics"
"Electromagnets","1022273536","0.12581179059086717","8505","Electronics"
"Primary cells and primary batteries","344470048","0.042394126442300825","8506","Electronics"
"Batteries","4549302272","0.5598852407144972","8507","Electronics"
"Vacuum cleaners","278912320","0.03432589924449823","8508","Electronics"
"Electromechanical domestic appliances","96803112","0.011913614533290883","8509","Electronics"
"Electric shavers and hair clippers","110254088","0.013569033866922913","8510","Electronics"
"Electrical ignition equipment","2845046016","0.35014144549504694","8511","Electronics"
"Electrical lighting equipment used for motor vehicles","1228989952","0.15125249850868083","8512","Electronics"
"Portable electric lamps","7387903","0.000909233460917489","8513","Electronics"
"Industrial electric furnaces","480197568","0.059098190200494144","8514","Electronics"
"Electric soldering machines","1284766336","0.15811693008849217","8515","Electronics"
"Electric heaters","590700160","0.0726978075972728","8516","Electronics"
"Telephones","1717028992","0.2113157431671514","8517","Electronics"
"Microphones","333915712","0.04109519825537605","8518","Electronics"
"Sound reproducing apparatus","15460265","0.0019027036836638926","8519","Electronics"
"Magnetic tape recorders","23769806","0.002925363662018477","8520","Electronics"
"Video recording apparatus","2533941504","0.3118536347112824","8521","Electronics"
"Parts and accessories for video or sound equipment","64544484","0.007943526677387819","8522","Electronics"
"Sound storage media","3053499392","0.3757959220766175","8523","Electronics"
"Tapes, cassettes, records and compact disks","24409926","0.003004143597678502","8524","Electronics"
"Transmission apparatus for radio, telephone and TV","1431874816","0.17622165512355437","8525","Electronics"
"Radar","767338112","0.09443674169350244","8526","Electronics"
"Reception apparatus for radio broadcasting","53629724","0.006600240901994751","8527","Electronics"
"Monitors and projectors","602787456","0.07418539805091223","8528","Electronics"
"Parts of radios, telephones, and T.V.s","1774155392","0.21834632199063583","8529","Electronics"
"Electric signal and traffic controls","45588916","0.00561065404813202","8530","Electronics"
"Electric sound or visual signaling apparatus","307653664","0.03786311294052809","8531","Electronics"
"Electrical capacitors","7281010176","0.8960780997395249","8532","Electronics"
"Electrical resistors","1232862464","0.15172909078232122","8533","Electronics"
"Electronic printed circuits","3042030848","0.3743844817866185","8534","Electronics"
"Electrical apparatus for > 1k volts","225112288","0.027704698439231613","8535","Electronics"
"Electrical apparatus for < 1k volts","7348471808","0.9043806414949461","8536","Electronics"
"Electrical boards","2952193792","0.36332818376192616","8537","Electronics"
"Parts for electrical apparatus","2430722560","0.2991504200527564","8538","Electronics"
"Electrical filament","480549408","0.059141491351157496","8539","Electronics"
"Thermionic, cold cathode or photocathode tubes","260566224","0.032068034683958586","8540","Electronics"
"Semiconductor devices","9649772544","1.1876030434140354","8541","Electronics"
"Electronic integrated circuits","32978268160","4.058654383277884","8542","Electronics"
"Electrical machines with individual functions n.e.c.","4432389120","0.5454966720205482","8543","Electronics"
"Insulated electrical wire","1971742336","0.2426634605515008","8544","Electronics"
"Carbon articles for eletrical purposes","413040192","0.050833093405555564","8545","Electronics"
"Electrical insulators of any material","92314496","0.011361197986889338","8546","Electronics"
"Insulating fittings for electrical machines","711905920","0.08761467002060652","8547","Electronics"
"Waste and scrap of batteries","991877440","0.12207092561680616","8548","Electronics"
"Electric trains","146488","0.000018028362205470363","8601","Vehicles"
"Other rail locomotives","2550183","0.0003138524849423368","8602","Vehicles"
"Self-propelled railway coaches","316501664","0.038952041376946106","8603","Vehicles"
"Railway service vehicles","695610","0.0000856091217966471","8604","Vehicles"
"Railway coaches, not self-propelled","142779776","0.01757198895024797","8605","Vehicles"
"Railway cars, not self-propelled","24347036","0.002996403689296232","8606","Vehicles"
"Parts of railway locomotives","218982976","0.026950360494783356","8607","Vehicles"
"Railway track fixtures","8747002","0.0010764985546118024","8608","Vehicles"
"Containers for multimodal transportation","23034242","0.002834837378518774","8609","Vehicles"
"Tractors","1690135680","0.20800596782964445","8701","Vehicles"
"Buses","1605614720","0.19760392478970892","8702","Vehicles"
"Cars","80388194304","9.893421194611447","8703","Vehicles"
"Motor vehicles for transporting goods","6245987840","0.7686973070182096","8704","Vehicles"
"Special purpose motor vehicles","116393056","0.014324560180831166","8705","Vehicles"
"Vehicle chassis fitted with engines","200767824","0.02470861128745103","8706","Vehicles"
"Vehicle Bodies","269373760","0.03315198319268094","8707","Vehicles"
"Parts of motor vehicles","25696239616","3.162450952404325","8708","Vehicles"
"Work trucks","106858288","0.013151110812629482","8709","Vehicles"
"Tanks and other armored fighting vehicles","1163344","0.00014317341353258095","8710","Vehicles"
"Motorcycles","2002600320","0.24646117034672368","8711","Vehicles"
"Bicycles","45136504","0.005554975443726872","8712","Vehicles"
"Wheelchairs","9926382","0.0012216455278648171","8713","Vehicles"
"Parts of motorcycles or wheelchairs","1603464960","0.1973393525931138","8714","Vehicles"
"Baby carriages","836392","0.00010293524330837864","8715","Vehicles"
"Trailers and semi-trailers","45392964","0.005586538123067261","8716","Vehicles"
"Gliders, hang gliders","4308346","0.0005302306140741183","8801","Vehicles"
"Other aircraft and spacecraft","87521040","0.010771264606790044","8802","Vehicles"
"Parts of other aircraft","3115334400","0.3834059919881608","8803","Vehicles"
"Parachutes","467587","0.00005754620036159461","8804","Vehicles"
"Aircraft launching gear","700867","0.00008625610380277838","8805","Vehicles"
"Cargo ships and similar vessels","10665010176","1.3125489212628696","8901","Vehicles"
"Fishing vessels","29075834","0.003578379572238888","8902","Vehicles"
"Pleasure or sport boats","19730176","0.0024282040802364596","8903","Vehicles"
"Tugs and pusher craft","44898488","0.005525682678048474","8904","Vehicles"
"Special function vessels, n.e.c.","611909376","0.07530803797888808","8905","Vehicles"
"Other vessels","118068856","0.01453080184829831","8906","Vehicles"
"Other floating structures","2822181","0.00034732743485743926","8907","Vehicles"
"Floating structures for scrapping","232166608","0.028572877648950456","8908","Vehicles"
"Optical fibers","4225992960","0.5200953781923969","9001","Machinery"
"Lenses and other optical elements","1764978560","0.21721692401131498","9002","Machinery"
"Frames for spectacles, goggles","162182640","0.01995991055485368","9003","Machinery"
"Glasses","167355136","0.02059649260522195","9004","Machinery"
"Binoculars and telescopes","43789956","0.005389255008803521","9005","Machinery"
"Photographic cameras","115312008","0.01419151498323478","9006","Machinery"
"Cinematographic cameras and projectors","8999038","0.0011075167697339825","9007","Machinery"
"Still image projectors","29658692","0.0036501122407056295","9008","Machinery"
"Electrostatic photo-copyers","32287526","0.003973644349342893","9009","Machinery"
"Apparatus and equipment for photographic laboratories, n.e.c.","12068884480","1.4853245373096762","9010","Machinery"
"Optical microscopes","376871200","0.046381754808655064","9011","Machinery"
"Microscopes, other than optical","583822144","0.07185132622198595","9012","Machinery"
"Liquid crystal devices","3683097344","0.4532809032524021","9013","Machinery"
"Navigational instruments","274908160","0.03383310497596663","9014","Machinery"
"Surveying instruments","210086880","0.025855512856050925","9015","Machinery"
"Balances of a sensitivity < 50 milligram","17162510","0.0021121999524534923","9016","Machinery"
"Drafting tables and machines","181825024","0.022377310023280694","9017","Machinery"
"Medical instruments","5565571584","0.6849580880128436","9018","Machinery"
"Therapy applicances","114783296","0.01412644609405356","9019","Machinery"
"Other breathing appliances and gas masks","17303364","0.002129534935046533","9020","Machinery"
"Orthopedic appliances","229415744","0.028234327238200158","9021","Machinery"
"X-ray machines","1885114112","0.23200207532207162","9022","Machinery"
"Instruments designed for demonstrational purposes","52787568","0.006496596279899357","9023","Machinery"
"Machines for testing the mechanical properties of materials","70521856","0.008679165278862594","9024","Machinery"
"Thermometers, hydrometers etc.","292648704","0.036016443904439165","9025","Machinery"
"Instruments for measuring properties of liquids or gases","1282294272","0.15781269175369955","9026","Machinery"
"Instruments for physical or chemical analysis","4676239872","0.5755075239751951","9027","Machinery"
"Gas, liquid or electricity meters","58900880","0.0072489650951678315","9028","Machinery"
"Meters","294791744","0.036280189066778816","9029","Machinery"
"Instruments for measuring electricity","3315502592","0.4080408062213412","9030","Machinery"
"Measuring instruments","4581448192","0.5638414575321756","9031","Machinery"
"Automatic regulating instruments","3880723200","0.4776028307354323","9032","Machinery"
"Other parts for machines and appliances","80821224","0.009946714407742986","9033","Machinery"
"Watches with precious metal","35257424","0.004339151400140925","9101","Machinery"
"Watches","650714816","0.08008384574377425","9102","Machinery"
"Clocks with watch movements","769518","0.00009470502176034313","9103","Machinery"
"Instrument panel clocks for vehicles","15740427","0.0019371833817429776","9104","Machinery"
"Other clocks","7556122","0.0009299362697608211","9105","Machinery"
"Apparatus for measuring intervals of time","2621144","0.00032258569592523217","9106","Machinery"
"Time switches","1985774","0.0002443903454904546","9107","Machinery"
"Watch movements, complete","333653152","0.04106288484553587","9108","Machinery"
"Clock movements, complete","573414","0.00007057038996837683","9109","Machinery"
"Clock movements, complete, unassembled","67999624","0.008368752739526756","9110","Machinery"
"Watch cases and parts","12099601","0.001489104837049256","9111","Machinery"
"Clock cases","201640","0.000024815950488169984","9112","Machinery"
"Watch straps","7905109","0.0009728863000773007","9113","Machinery"
"Other clock or watch parts","94974328","0.011688545037171276","9114","Machinery"
"Pianos","294080512","0.036192657336479264","9201","Machinery"
"Musical instruments, string","9005748","0.0011083425732837525","9202","Machinery"
"Musical instruments, wind","92792920","0.01142007790305851","9205","Machinery"
"Musical instruments, percussion","10497632","0.001291949593111629","9206","Machinery"
"Musical instruments, electric","68899848","0.008479543823697866","9207","Machinery"
"Other musical instruments, n.e.c.","962987","0.00011851536259051452","9208","Machinery"
"Parts of musical instruments","73516824","0.009047757708944192","9209","Machinery"
"Military weapons, other than pistols and swords","2404542","0.000295928363512821","9301","Machinery"
"Revolvers and pistols","32061","0.000003945765664556725","9302","Machinery"
"Other firearms","51692676","0.006361847293280167","9303","Machinery"
"Other arms (air guns, truncheons, etc.)","16354617","0.002012772097426022","9304","Machinery"
"Parts of military weapons","39540916","0.004866323218175404","9305","Machinery"
"Munitions of war","43945068","0.005408344731636893","9306","Machinery"
"Swords","1935368","0.00023818685015070703","9307","Machinery"
"Seats","578291520","0.07117066915318668","9401","Textiles"
"Medical, dental or veterinary furniture","60765620","0.007478459716836698","9402","Textiles"
"Other furniture and parts","119826280","0.014747089028276103","9403","Textiles"
"Mattresses and bedding","35468604","0.004365141443902538","9404","Textiles"
"Lamps","106605976","0.01312005863002895","9405","Textiles"
"Prefabricated buildings","13831845","0.0017022930999803685","9406","Textiles"
"Toys","318618272","0.03921253353788076","9503","Machinery"
"Games","1847059712","0.2273186984808843","9504","Machinery"
"Christmas and other festivity articles","1929656","0.0002374838710335258","9505","Machinery"
"Sports equipment","475203104","0.058483518650509284","9506","Machinery"
"Fishing and hunting equipment","307303456","0.037820012641041074","9507","Machinery"
"Fairground amusements","5270876","0.0006486897334124352","9508","Machinery"
"Worked animal carving material","1084713","0.0001334962512491288","9601","Machinery"
"Worked vegetable or mineral carving material","11749439","0.0014460101988086364","9602","Machinery"
"Brooms and mops","151486896","0.018643579204238026","9603","Machinery"
"Hand sieves and riddles","625475","0.00007697756710765781","9604","Machinery"
"Travel sets","573631","0.00007059709628287757","9605","Machinery"
"Buttons","108997632","0.013414401106128607","9606","Machinery"
"Slide fasteners","200614480","0.024689739153392024","9607","Machinery"
"Pens","832780992","0.10249083448205258","9608","Machinery"
"Pencils, crayons, pastels, etc.","23795686","0.0029285487284667704","9609","Machinery"
"Slates and boards, with writing or drawing surfaces","458420","0.00005641801241215475","9610","Machinery"
"Hand-operated stamps","6147235","0.0007565437383413291","9611","Machinery"
"Typewriter ribbons and ink pads","172368544","0.021213495604155672","9612","Machinery"
"Cigarette lighters","11743299","0.001445254545485896","9613","Machinery"
"Smoking pipes","3957333","0.00048703124277524887","9614","Machinery"
"Combs, hair-slides etc.","12014065","0.0014785778724541554","9615","Machinery"
"Scent sprays","16996990","0.0020918293110886743","9616","Machinery"
"Vacuum vessels","28521132","0.0035101120788462634","9617","Machinery"
"Mannequins","1007088","0.00012394289796285526","9618","Machinery"
"Paintings and drawings","228566112","0.028129762540495512","9701","Textiles"
"Original engravings","11058653","0.0013609947694596927","9702","Textiles"
"Sculptures","49229572","0.006058711670828206","9703","Textiles"
"Postage or revenue stamps","257879","0.000031737316484520866","9704","Textiles"
"Collectors pieces","18875458","0.002323013445593791","9705","Textiles"
"Antiques >100 years","17884726","0.0022010834899349654","9706","Textiles"
"Commodities not specified according to kind","31633195008","3.8931154587440684","9999","Other"
"Unspecified","9647","0.0000011872618248332465","unspecified","Services"
"Travel and tourism","10597376000","1.3042251444183737","travel","Services"
"Transport","20860884992","2.5673610846105945","transport","Services"
"ICT","112460087296","13.840527465943318","ict","Services"
"Insurance and finance","17926033408","2.206167216337081","financial","Services"